[
    {
        "name": "A-TEAM die Fahrschule",
        "location": "4650 Lambach",
        "link": "https://www.ateam-fahrschule.at",
        "category": "services",
        "search": "Fahrschule, Führerscheinausbildung alle Klassen",
        "werbering": true
    },
    {
        "name": "A1 Autobahnapotheke",
        "location": "4655 Vorchdorf",
        "link": "https://www.a1apotheke.at",
        "category": "healthcare",
        "search": "Apotheke, Medikamente, Beratung, Kosmetik",
        "werbering": true
    },
    {
        "name": "ABIES Austria GmbH",
        "location": "4664 Laakirchen",
        "link": "https://www.abies-austria.at",
        "category": "industry",
        "search": "Holzverarbeitung, Holzprodukte, Holzverarbeitung",
        "werbering": false
    },
    {
        "name": "AHTEL Hochleithner Telekommunikation",
        "location": "4654 Bad Wimsbach",
        "link": "https://www.ahtel.at",
        "category": "it",
        "search": "Telekommunikation, Telefon, Internet, Netzwerke",
        "werbering": false
    },
    {
        "name": "Aigner Bus GmbH",
        "location": "4655 Vorchdorf",
        "link": "https://www.mietwagen-aigner.at",
        "category": "transport",
        "search": "Taxi & Mietwagen, Mietwagen, Bus, Taxi, Transporte",
        "werbering": true
    },
    {
        "name": "Aigner Raumausstatter",
        "location": "Bahnhofstr. 17, 4655 Vorchdorf",
        "link": "https://www.aigner-raum.at",
        "category": "construction",
        "search": "Raumausstatter, Vorhänge, Bettwaren, Bodenbeläge, Tapeten",
        "werbering": true
    },
    {
        "name": "Aitzetmüller Gerhard",
        "location": "Bahnhofstrasse 1, 4655 Vorchdorf",
        "link": "http://www.VBVorchdorf.at",
        "category": "banks",
        "search": "Versicherung, Versicherungsberatung, alle Sparten",
        "werbering": false
    },
    {
        "name": "Aitzetmüller Markus - Massagepraxis",
        "location": "4655 Vorchdorf",
        "link": "https://www.vorchdorfonline.at/users/markus-aitzetmueller-massagepraxis",
        "category": "healthcare",
        "search": "Massage & Wellness, Massage, Entspannung",
        "werbering": true
    },
    {
        "name": "Alfred Schnellnberger GmbH",
        "location": "4655 Vorchdorf",
        "link": "https://www.schnellnberger.at",
        "category": "construction",
        "search": "Fliesen & Natursteine, Fliesen",
        "werbering": true
    },
    {
        "name": "Almtal Camp",
        "location": "4643 Pettenbach",
        "link": "https://www.almtal-camp.at",
        "category": "gastro",
        "search": "Camping, Campingplatz, Stellplätze",
        "werbering": true
    },
    {
        "name": "Almtal Apotheke",
        "location": "4655 Vorchdorf",
        "link": "https://www.almtalapotheke.at",
        "category": "healthcare",
        "search": "Apotheke, Medikamente, Beratung, Kosmetik",
        "werbering": true
    },
    {
        "name": "Amering Franz GmbH tipp-topp Installationen",
        "location": "4655 Vorchdorf",
        "link": "https://www.amering.at",
        "category": "construction",
        "search": "Installateur, Badgestaltung, Wassertechnik, Heiztechnik, Solartechnik",
        "werbering": true
    },
    {
        "name": "Anytime Fitness Vorchdorf",
        "location": "4655 Vorchdorf",
        "link": "https://www.af-austria.at",
        "category": "beauty",
        "search": "Fitness, Fitnesstraining, 24h geöffnet",
        "werbering": true
    },
    {
        "name": "ARTINA GmbH",
        "location": "4663 Laakirchen",
        "link": "https://www.artina.at",
        "category": "industry",
        "search": "Industrie, Künstlerbedarf, Staffeleien",
        "werbering": false
    },
    {
        "name": "Asamer Kies- und Betonwerke GmbH",
        "location": "4694 Ohlsdorf",
        "link": "https://www.asamer.at",
        "category": "construction",
        "search": "Kies & Beton, Kies, Beton, Baustoffe",
        "werbering": true
    },
    {
        "name": "Attwenger Taxi",
        "location": "Mühlenstraße 4, 4655 Vorchdorf",
        "link": "https://www.vorchdorfonline.at/users/attwenger",
        "category": "transport",
        "search": "Taxi & Mietwagen, Taxi, Mietwagen, Botendienst, 24h",
        "werbering": true
    },
    {
        "name": "Auto Gundendorfer GesmbH",
        "location": "Mühltal 12, 4655 Vorchdorf",
        "link": "https://www.auto-gundendorfer.at",
        "category": "cars",
        "search": "Autohaus, Neuwagen, Gebrauchtwagen, Service",
        "werbering": true
    },
    {
        "name": "Autohaus Schweiger",
        "location": "4643 Pettenbach",
        "link": "https://www.kfz-schweiger.at",
        "category": "cars",
        "search": "Autohaus, Neuwagen, Gebrauchtwagen, Service",
        "werbering": true
    },
    {
        "name": "Automobile MAIRHUBER GmbH",
        "location": "4664 Oberweis",
        "link": "https://www.autohaus-mairhuber.at",
        "category": "cars",
        "search": "Autohaus, Neuwagen, Gebrauchtwagen, Service",
        "werbering": false
    },
    {
        "name": "Automobile SCHUSTER GmbH",
        "location": "4663 Laakirchen",
        "link": "https://www.auto-schuster.at",
        "category": "cars",
        "search": "Autohaus, Neuwagen, Gebrauchtwagen, Service",
        "werbering": false
    },
    {
        "name": "Automobile SWOBODA GmbH",
        "location": "4664 Oberweis",
        "link": "https://www.swoboda-mairhuber.com/",
        "category": "cars",
        "search": "Autohaus, Neuwagen, Gebrauchtwagen, Service",
        "werbering": false
    },
    {
        "name": "BAM.wohnen GmbH",
        "location": "4655 Vorchdorf",
        "link": "https://www.bam-wohnen.at",
        "category": "construction",
        "search": "Möbel & Einrichtung, Möbel, Einrichtung, Wohndesign",
        "werbering": true
    },
    {
        "name": "Barber Shop - Erkan Abi",
        "location": "4655 Vorchdorf",
        "link": "https://www.erkanabi-barbershop.at/",
        "category": "beauty",
        "search": "Friseur, Herrenfriseur, Barber, Bartpflege",
        "werbering": true
    },
    {
        "name": "BÄR on TOUR Foodtruck",
        "location": "Hochbaustraße 9, 4694 Ohlsdorf",
        "link": "https://baer-on-tour.at",
        "category": "gastro",
        "search": "Spitzengastronomie, Street Food, Foodtruck, Events, regional, frisch",
        "werbering": true
    },
    {
        "name": "Bauelemente ZIEGELBÄCK KG",
        "location": "4664 Oberweis",
        "link": "https://www.ziegelbaeck.at",
        "category": "construction",
        "search": "Fenster & Sonnenschutz, Fenster, Türen, Sonnenschutz",
        "werbering": false
    },
    {
        "name": "Baumgartner Tischlerei & Raumplanung",
        "location": "Mühltal 44, 4655 Vorchdorf",
        "link": "https://www.tischlerei-baumgartner.com/",
        "category": "construction",
        "search": "Tischlerei, Möbel nach Maß, Türen, Innenausbau",
        "werbering": true
    },
    {
        "name": "Baumwerk GmbH",
        "location": "Hötzelsdorf 10, 4655 Vorchdorf",
        "link": "https://www.baumwerk.at/",
        "category": "services",
        "search": "Landschaftspflege, Baumpflege, Gartengestaltung",
        "werbering": true
    },
    {
        "name": "Beiskammer Bernhard - PV und Solar Montage GmbH",
        "location": "4655 Vorchdorf",
        "link": "https://www.pv-beiskammer.at",
        "category": "construction",
        "search": "Solar & PV, Photovoltaik, Solarmontage",
        "werbering": true
    },
    {
        "name": "Bestattung Radner",
        "location": "Schulstraße 18, 4655 Vorchdorf",
        "link": "http://www.bestattung-vorchdorf.at",
        "category": "services",
        "search": "Bestattung, Bestattungen, Trauerbegleitung",
        "werbering": false
    },
    {
        "name": "Bierhotel Ranklleiten",
        "location": "4643 Pettenbach",
        "link": "https://www.ranklleiten.com",
        "category": "gastro",
        "search": "Hotel, Pension, Gastronomie, Übernachtung, Bierverkostung, Restaurant",
        "werbering": true
    },
    {
        "name": "Institut Huemer - Fachwerk für Stressprävention, Familien- und Erwachsenenbildung",
        "location": "4663 Laakirchen",
        "link": "https://www.instituthuemer.at",
        "category": "healthcare",
        "search": "Bildung, Seminare, Bildungsveranstaltungen",
        "werbering": true
    },
    {
        "name": "Blumen Krenmayr GmbH",
        "location": "Schlossplatz 1, 4655 Vorchdorf",
        "link": "https://www.blumen-krenmayr.at",
        "category": "flowers",
        "search": "Blumen & Gärtnerei, Blumen, Floristik",
        "werbering": true
    },
    {
        "name": "Blumen MUSCARI",
        "location": "4663 Laakirchen",
        "link": "https://www.muscari.at",
        "category": "flowers",
        "search": "Blumen & Gärtnerei, Blumen, Floristik",
        "werbering": false
    },
    {
        "name": "BNP Wirtschaftstreuhand und Steuerberatungs GmbH",
        "location": "4655 Vorchdorf",
        "link": "https://www.bnp.at",
        "category": "accounting",
        "search": "Steuerberatung, Buchhaltung, Steuererklärung, Bilanzierung",
        "werbering": true
    },
    {
        "name": "BP Tankstelle",
        "location": "4655 Vorchdorf",
        "link": "",
        "category": "gas",
        "search": "Tankstelle, Kraftstoffe, Shop",
        "werbering": true
    },
    {
        "name": "Brauerei Eggenberg Stöhr & Co KG",
        "location": "4655 Vorchdorf",
        "link": "https://www.schloss-eggenberg.at",
        "category": "food",
        "search": "Brauerei, Bier, Brauereiführungen",
        "werbering": true
    },
    {
        "name": "Buchegger Johann - Fenster - Sonnenschutz",
        "location": "4655 Vorchdorf",
        "link": "https://hausbaufuehrer.at/johann-buchegger-fenster-sonnenschutz-in-4655-vorchdorf-18884",
        "category": "construction",
        "search": "Fenster & Sonnenschutz, Fenster, Türen, Sonnenschutz",
        "werbering": true
    },
    {
        "name": "Bäckerei Café im Gwölb",
        "location": "4655 Vorchdorf",
        "link": "https://www.im-gwoelb.at",
        "category": "gastro",
        "search": "Bäckerei, Brot, Gebäck, Café",
        "werbering": true
    },
    {
        "name": "Bäckerei Probst GmbH - Bäckerei Konditorei Café",
        "location": "Lambacherstraße 15, 4655 Vorchdorf",
        "link": "https://www.baeckerei-probst.at",
        "category": "gastro",
        "search": "Bäckerei, Brot, Gebäck, Torten",
        "werbering": true
    },
    {
        "name": "Resch & Frisch Café und Bäckerei",
        "location": "4655 Vorchdorf",
        "link": "https://www.resch-frisch.com",
        "category": "gastro",
        "search": "Bäckerei, Brot, Gebäck",
        "werbering": true
    },
    {
        "name": "Café Bäckerei ZACH",
        "location": "4663 Laakirchen",
        "link": "https://www.zach.baecker.at",
        "category": "gastro",
        "search": "Bäckerei, Brot, Gebäck, Café",
        "werbering": false
    },
    {
        "name": "Creativ Optik - Plakolm",
        "location": "Kapellenweg 2, 4655 Vorchdorf",
        "link": "https://www.plakolm.at",
        "category": "healthcare",
        "search": "Optik & Hörgeräte, Brillen, Kontaktlinsen, Hörgeräte",
        "werbering": true
    },
    {
        "name": "CRW-Sports",
        "location": "4655 Vorchdorf",
        "link": "https://www.crw-sports.net",
        "category": "cars",
        "search": "Sport & Freizeit, Rad",
        "werbering": true
    },
    {
        "name": "Gasthaus Denk",
        "location": "4655 Vorchdorf",
        "link": "https://www.hoteldenk.at",
        "category": "gastro",
        "search": "Hotel & Pension, Übernachtung, Frühstück",
        "werbering": true
    },
    {
        "name": "Dickinger Agrarhandel GmbH",
        "location": "Stampfstrasse 3, 4655 Vorchdorf",
        "link": "https://www.vorchdorf.at/Dickinger_Agrarhandel_GmbH",
        "category": "construction",
        "search": "Agrarhandel, Futtermittel, Landwirtschaftsbedarf",
        "werbering": true
    },
    {
        "name": "Die Stöttingers I Stefanie & Christoph Stöttinger",
        "location": "4655 Vorchdorf",
        "link": "https://www.diestoettingers.at",
        "category": "healthcare",
        "search": "Handel, Kindersitze, Radanhänger, Alpaka",
        "werbering": true
    },
    {
        "name": "DOLCE Eiscafé",
        "location": "4655 Vorchdorf",
        "link": "",
        "category": "gastro",
        "search": "Gastronomie, Eis, Kaffee",
        "werbering": true
    },
    {
        "name": "DROGERIE GRÄFINGER",
        "location": "4663 Laakirchen",
        "link": "https://www.drogerie-graefinger.at",
        "category": "beauty",
        "search": "Drogerie, Drogerieartikel, Kosmetik, Humanenergetik",
        "werbering": false
    },
    {
        "name": "ECKMANN Friseursalon",
        "location": "4663 Laakirchen",
        "link": "https://www.laakirchen.ooe.gv.at/Eckmann_Friseursalon",
        "category": "beauty",
        "search": "Friseur, Damen- und Herrenfriseur",
        "werbering": false
    },
    {
        "name": "EGRU - Unternehmensberatung",
        "location": "Kapellenweg 8, 4655 Vorchdorf",
        "link": "https://www.vorchdorf.at/EGRU_-_Unternehmensberatung",
        "category": "services",
        "search": "Unternehmensberatung, Unternehmensberatung",
        "werbering": false
    },
    {
        "name": "Elektro STEINSCHADEN GmbH",
        "location": "4663 Laakirchen",
        "link": "https://www.elektro-steinschaden.at",
        "category": "construction",
        "search": "Elektroinstallation, Elektroinstallation",
        "werbering": false
    },
    {
        "name": "Elektro Payrhuber Installations- und Handels GmbH",
        "location": "Bahnhofstraße 29, 4655 Vorchdorf",
        "link": "https://www.elektropayrhuber.at/",
        "category": "construction",
        "search": "Elektroinstallation, Elektroinstallation",
        "werbering": true
    },
    {
        "name": "Elektrotechnik Hutterer",
        "location": "4655 Vorchdorf",
        "link": "https://www.hutterer.biz/",
        "category": "construction",
        "search": "Elektrotechnik, Elektriker, Installation",
        "werbering": true
    },
    {
        "name": "Energiefreund - Ing. Stefan Brunner",
        "location": "4655 Vorchdorf",
        "link": "https://www.bzr-controls.at",
        "category": "construction",
        "search": "Energie, Energieberatung, Energietechnik",
        "werbering": true
    },
    {
        "name": "Eni Tankstelle",
        "location": "4655 Vorchdorf",
        "link": "",
        "category": "gas",
        "search": "Tankstelle, Kraftstoffe, Shop",
        "werbering": true
    },
    {
        "name": "EP: Kickinger",
        "location": "Schloßplatz 15, 4655 Vorchdorf",
        "link": "https://www.ep.at/kickinger/",
        "category": "it",
        "search": "IT & EDV, Elektrogeräte, EDV",
        "werbering": false
    },
    {
        "name": "Escape House Vorchdorf",
        "location": "Lambacherstraße 7, 4655 Vorchdorf",
        "link": "https://www.escape-house.at",
        "category": "culture",
        "search": "Escape Room Abenteuer, Themenräume, Zeitreise, Familie, Freunde, Vereinsausflug, Firmenevents",
        "werbering": true
    },
    {
        "name": "Auto Esthofer Team GmbH",
        "location": "4655 Vorchdorf",
        "link": "https://www.esthofer.com",
        "category": "cars",
        "search": "Autohaus, Neuwagen, Gebrauchtwagen, Service",
        "werbering": true
    },
    {
        "name": "ETZI-Haus Ö-Baumanagement GmbH",
        "location": "4551 Ried/Trkr.",
        "link": "https://www.etzi-haus.com",
        "category": "construction",
        "search": "Holzbau, Holzhäuser, Fertighäuser",
        "werbering": true
    },
    {
        "name": "eurowheel GmbH",
        "location": "4655 Vorchdorf",
        "link": "https://www.eurowheel.eu",
        "category": "cars",
        "search": "Industrie, Felgen, Räder",
        "werbering": true
    },
    {
        "name": "FalkenOhr",
        "location": "4655 Vorchdorf",
        "link": "https://www.falkenohr.at/",
        "category": "construction",
        "search": "HIFI & AUDIO, HiFi, TV, Audio",
        "werbering": false
    },
    {
        "name": "FDM Danner Metalltechnik GmbH",
        "location": "4663 Laakirchen",
        "link": "https://www.fdm-metalltechnik.at",
        "category": "construction",
        "search": "Metallbau, Metallverarbeitung",
        "werbering": false
    },
    {
        "name": "FEINE WEINE",
        "location": "4663 Laakirchen",
        "link": "https://www.feine-weine.at",
        "category": "food",
        "search": "Weinhandel, Weine, Weinberatung",
        "werbering": false
    },
    {
        "name": "Tabak Trafik Martin Fischer",
        "location": "4655 Vorchdorf",
        "link": "",
        "category": "tobacco",
        "search": "Trafik, Tabakwaren, Zeitschriften, Lotto, Bücher, Schulartikel, Büroartikel, Konzertkarten",
        "werbering": true
    },
    {
        "name": "Fix Fax Bürotechnik HandelsgmbH.",
        "location": "Neue Landstraße 70, 4655 Vorchdorf",
        "link": "https://www.fixfax.at",
        "category": "it",
        "search": "Bürotechnik, Drucker, Kopierer, Faxgeräte, PC",
        "werbering": true
    },
    {
        "name": "Fleischhauerei Kinast GmbH",
        "location": "4662 Steyrermühl",
        "link": "https://www.fleischhauerei-kinast.at",
        "category": "food",
        "search": "Fleischerei, Frischfleisch, Wurst",
        "werbering": true
    },
    {
        "name": "fotoart - Fotostudio",
        "location": "4663 Laakirchen",
        "link": "https://www.fotoart.at",
        "category": "photo",
        "search": "Fotografie, Fotografie, Bildbearbeitung",
        "werbering": true
    },
    {
        "name": "Foxxy Dance-Bar",
        "location": "4655 Vorchdorf",
        "link": "https://www.foxxy.at",
        "category": "gastro",
        "search": "Gastronomie, Bar, Events",
        "werbering": true
    },
    {
        "name": "Franz ATTWENGER u. Söhne GmbH",
        "location": "4656 Kirchham",
        "link": "https://www.attwenger.co.at",
        "category": "construction",
        "search": "Tischlerei, Möbel, Innenarchitektur, Türen",
        "werbering": false
    },
    {
        "name": "Franz Zotter Innenarchitektur und Online Möbelshop",
        "location": "Feldham 6, 4655 Vorchdorf",
        "link": "http://www.franzzotter.at",
        "category": "construction",
        "search": "Möbel & Einrichtung, Möbel, Innenarchitektur",
        "werbering": false
    },
    {
        "name": "FREIBAD Laakirchen",
        "location": "4663 Laakirchen",
        "link": "https://www.laakirchen.at/freibad",
        "category": "culture",
        "search": "Freibad, Schwimmen, Baden, Erholung",
        "werbering": false
    },
    {
        "name": "FREIBAD Vorchdorf",
        "location": "4655 Vorchdorf",
        "link": "https://www.vorchdorf.at/Almtalbad_Vorchdorf_1",
        "category": "culture",
        "search": "Freibad, Schwimmen, Baden, Erholung",
        "werbering": false
    },
    {
        "name": "Fundgrube-Vorchdorf",
        "location": "Bahnhofstraße 34, 4655 Vorchdorf",
        "link": "https://www.vorchdorf.at/Fundgrube-Vorchdorf",
        "category": "fashion",
        "search": "Secondhand, Secondhand, Gebrauchtwaren",
        "werbering": false
    },
    {
        "name": "FUSSL Modestraße Mayr GesmbH",
        "location": "4655 Vorchdorf",
        "link": "https://www.fussl.at",
        "category": "fashion",
        "search": "Mode & Bekleidung, Mode, Bekleidung",
        "werbering": true
    },
    {
        "name": "FUZO - Coffee & Kitchen",
        "location": "4655 Vorchdorf",
        "link": "https://www.fuzo-vorchdorf.at",
        "category": "gastro",
        "search": "Gastronomie, Kaffee, Speisen, Frühstück",
        "werbering": true
    },
    {
        "name": "FÜRTBAUER GmbH & Co KG",
        "location": "4663 Laakirchen",
        "link": "https://www.fuertbauer.at",
        "category": "construction",
        "search": "Installateur, Badgestaltung, Wassertechnik, Heiztechnik, Solartechnik",
        "werbering": false
    },
    {
        "name": "FÜRTBAUER-Bilanzbuchhaltung",
        "location": "4664 Oberweis",
        "link": "",
        "category": "accounting",
        "search": "Steuerberatung, Buchhaltung, Bilanzierung",
        "werbering": false
    },
    {
        "name": "Galerie im Gewölbe",
        "location": "4655 Vorchdorf",
        "link": "",
        "category": "culture",
        "search": "Kunst, Kunst",
        "werbering": false
    },
    {
        "name": "Garten Haselberger",
        "location": "Albenedt 14, 4655 Vorchdorf",
        "link": "https://www.vorchdorf.at/Garten_Haselberger",
        "category": "services",
        "search": "Landschaftspflege, Gartengestaltung",
        "werbering": false
    },
    {
        "name": "Elektrotechnik Gasperlmayr GmbH",
        "location": "4655 Vorchdorf",
        "link": "https://www.etga.at",
        "category": "construction",
        "search": "Elektroinstallation, Elektroinstallation",
        "werbering": true
    },
    {
        "name": "FRUTURA Obst & Gemüse Kompetenzzentrum GmbH",
        "location": "Asamerstraße 1b, 4655 Vorchdorf",
        "link": "https://www.frutura.com",
        "category": "industry",
        "search": "Obst und Gemüse, Kompetenzzentrum, Landwirtschaftliche Produkte, Frutura",
        "werbering": true
    },
    {
        "name": "Gasthaus Hinterreitner Rainer",
        "location": "Eggenberg 11, 4655 Vorchdorf",
        "link": "https://www.ghhinterreitner.at",
        "category": "gastro",
        "search": "Gastronomie, Speisen und Getränke",
        "werbering": true
    },
    {
        "name": "Gasthaus THALSTUBE",
        "location": "4663 Laakirchen",
        "link": "https://www.thalstube.at",
        "category": "gastro",
        "search": "Gastronomie, Speisen und Getränke",
        "werbering": false
    },
    {
        "name": "Gasthof BADER",
        "location": "4663 Laakirchen",
        "link": "https://www.gasthofbader.at",
        "category": "gastro",
        "search": "Gastronomie, Speisen und Getränke",
        "werbering": false
    },
    {
        "name": "Gasthof Pöll, Kirchham",
        "location": "4656 Kirchham",
        "link": "https://www.gasthauspoell.at",
        "category": "gastro",
        "search": "Gastronomie, Speisen und Getränke",
        "werbering": true
    },
    {
        "name": "Gasthof WIRT AM BACH",
        "location": "4664 Oberweis",
        "link": "https://www.wirtambach.at",
        "category": "gastro",
        "search": "Gastronomie, Speisen und Getränke",
        "werbering": false
    },
    {
        "name": "GATSBY - Ihr Platz an der Bar",
        "location": "4655 Vorchdorf",
        "link": "https://www.gatsby.at",
        "category": "gastro",
        "search": "Gastronomie, Bar, Cocktails",
        "werbering": true
    },
    {
        "name": "GemeinsamLeben - Pflege & Betreuung für ältere Menschen",
        "location": "Haidstraße 8/1, 4655 Vorchdorf",
        "link": "http://www.gemeinsam-leben-ooe.at/",
        "category": "healthcare",
        "search": "Pflege & Betreuung, Pflege, Betreuung älterer Menschen",
        "werbering": false
    },
    {
        "name": "Geschäftsvermittlung",
        "location": "Falkenohren 29, 4655 Vorchdorf",
        "link": "",
        "category": "services",
        "search": "Dienstleistung, Geschäftsvermittlung, Homepageerstellung",
        "werbering": false
    },
    {
        "name": "Getränkegroßhandel WAGNER KG",
        "location": "4664 Laakirchen",
        "link": "https://www.wagnerweb.at",
        "category": "food",
        "search": "Getränkehandel, Getränke, Großhandel",
        "werbering": false
    },
    {
        "name": "Gollinger Taxi-Mietwagen-Ausflugsfahrten",
        "location": "Pettenbacherstraße 12, 4655 Vorchdorf",
        "link": "https://www.gollinger.net",
        "category": "transport",
        "search": "Taxi & Mietwagen, Mietwagen, Krankenbeförderung",
        "werbering": true
    },
    {
        "name": "Götschhofer Thomas GesmbH",
        "location": "4655 Vorchdorf",
        "link": "https://www.vorchdorf.at/Goetschhofer_Thomas_GesmbH_Dachdeckerei_-_Spenglerei_-_Kranarbeiten_-_Flachdaecher_-_Solarmontagen",
        "category": "construction",
        "search": "Dachdecker, Dachdeckerei, Spenglerei, Kranarbeiten",
        "werbering": true
    },
    {
        "name": "Günter Grarock Licht- & Tonanlagen",
        "location": "4655 Vorchdorf",
        "link": "https://www.lito.at",
        "category": "catering",
        "search": "Veranstaltungstechnik, Licht, Ton, Events",
        "werbering": true
    },
    {
        "name": "Gut Haberhaide - Hoidinger",
        "location": "Kranabeth 14, 4663 Laakirchen",
        "link": "https://hoidinger.at",
        "category": "gastro",
        "search": "Hofladen, Mostschenke, Arche-Hof, regionale Spezialitäten, Rind, Schwein, Pute, Hühnerfleisch, Direktvermarktung",
        "werbering": true
    },
    {
        "name": "Team Gruber GmbH",
        "location": "4652 Steinerkirchen",
        "link": "https://www.teamgruber.at",
        "category": "cars",
        "search": "Landtechnik, Landmaschinen, Zweiräder, Microcars",
        "werbering": true
    },
    {
        "name": "Grundner Solarmontagen GmbH",
        "location": "Berg 8, 4655 Vorchdorf",
        "link": "https://www.grundner-solarmontagen.at",
        "category": "construction",
        "search": "Solar & PV, Solarmontage",
        "werbering": true
    },
    {
        "name": "Gschliffner - Ihr Installateur mit Feinschliff GmbH",
        "location": "4655 Vorchdorf",
        "link": "https://www.badwerkstatt.at",
        "category": "construction",
        "search": "Installateur, Bad, Heizung, Sanitär, Badsanierung",
        "werbering": true
    },
    {
        "name": "H.AUStaller GmbH - Haustüren, Fenster & Sonnenschutz",
        "location": "4655 Vorchdorf",
        "link": "https://www.h-aus.at",
        "category": "construction",
        "search": "Fenster & Sonnenschutz, Haustüren, Fenster, Sonnenschutz",
        "werbering": true
    },
    {
        "name": "Haan Stefan, Kunstschmiede",
        "location": "4655 Vorchdorf",
        "link": "https://www.stefan-haan.at",
        "category": "construction",
        "search": "Metallbau, Kunstschmiede, Metallarbeiten",
        "werbering": true
    },
    {
        "name": "HAARGENAU Helga Lohninger",
        "location": "Bahnhofstraße 19, 4655 Vorchdorf",
        "link": "https://www.haargenau.at",
        "category": "beauty",
        "search": "Friseur, Damen- und Herrenfriseur",
        "werbering": true
    },
    {
        "name": "Haarstudio Bettina Staudinger",
        "location": "Bärnthal 17, 4655 Vorchdorf",
        "link": "https://www.bettina-haarstudio.at/index.php/kontakt",
        "category": "beauty",
        "search": "Friseur, Damen- und Herrenfriseur",
        "werbering": true
    },
    {
        "name": "Harry Sports",
        "location": "Weidenstraße 38, 4655 Vorchdorf",
        "link": "https://www.vorchdorf.at/Harry_Sports",
        "category": "fashion",
        "search": "Sport & Freizeit, Sportartikel, Teamsportausrüstung",
        "werbering": false
    },
    {
        "name": "Hartner Aggregate und Industrietechnik GmbH",
        "location": "4643 Pettenbach",
        "link": "https://www.erich-hartner.at",
        "category": "wholesale",
        "search": "Industrie, Aggregate, Industrietechnik",
        "werbering": true
    },
    {
        "name": "Haustechnik Pühringer GmbH",
        "location": "4655 Vorchdorf",
        "link": "https://www.ht-puehringer.at",
        "category": "construction",
        "search": "Installateur, Heizung, Sanitär, Lüftung",
        "werbering": true
    },
    {
        "name": "HEINZEL STEYRERMÜHL GmbH",
        "location": "4662 Steyrermühl",
        "link": "https://www.heinzelpaper.com",
        "category": "industry",
        "search": "Papier, Papierherstellung",
        "werbering": false
    },
    {
        "name": "HELIOS-Apotheke",
        "location": "4663 Laakirchen",
        "link": "https://www.helios-apotheke.at",
        "category": "healthcare",
        "search": "Apotheke, Medikamente, Beratung, Kosmetik",
        "werbering": false
    },
    {
        "name": "Hellein Personalverrechnung e.U.",
        "location": "4655 Vorchdorf",
        "link": "https://www.hellein.net",
        "category": "accounting",
        "search": "Personalverrechnung, Personalverrechnung",
        "werbering": true
    },
    {
        "name": "Trafik Hermanseder Bernhard",
        "location": "4655 Vorchdorf",
        "link": "",
        "category": "tobacco",
        "search": "Trafik, Tabakwaren, Zeitschriften",
        "werbering": true
    },
    {
        "name": "HerWeinspaziert - Weinhandel",
        "location": "4654 Bad Wimsbach",
        "link": "https://www.vorchdorfonline.at/users/herweinspaziert-weinhandel",
        "category": "gastro",
        "search": "Weinhandel, Weine, Weinverkostung",
        "werbering": true
    },
    {
        "name": "Heson Metall- u. Kunststofftechnik GmbH",
        "location": "Pettenbacherstrasse 66, 4655 Vorchdorf",
        "link": "https://www.heson.com",
        "category": "industry",
        "search": "Industrie, Metall- und Kunststofftechnik",
        "werbering": true
    },
    {
        "name": "Hessenberger Computertechnik Ges.m.b.H.",
        "location": "Pettenbacherstraße 61a, 4655 Vorchdorf",
        "link": "http://www.hessenberger.at",
        "category": "it",
        "search": "IT & EDV, Computer, Netzwerke, Warenwirtschaft",
        "werbering": false
    },
    {
        "name": "HIFI Studio Stenz e.U.",
        "location": "4655 Vorchdorf",
        "link": "https://www.hifi-studio.at",
        "category": "construction",
        "search": "HIFI & AUDIO, HiFi, TV, Audio",
        "werbering": true
    },
    {
        "name": "Schimpl Maria - Hilfe im Alltag",
        "location": "4655 Vorchdorf",
        "link": "https://www.hilfe-im-alltag.at",
        "category": "services",
        "search": "Pflege & Betreuung, Alltagshilfe, Betreuung",
        "werbering": true
    },
    {
        "name": "HIP Holzbau GmbH",
        "location": "4655 Vorchdorf",
        "link": "https://www.hip-holzbau.at",
        "category": "construction",
        "search": "Holzbau, Holzbau, Zimmerei",
        "werbering": true
    },
    {
        "name": "Hochleitner Sport, Schuhe und Mode",
        "location": "4656 Bad Wimsbach",
        "link": "https://www.hochleithner.net",
        "category": "fashion",
        "search": "Mode & Bekleidung, Schuhe, Sport, Mode",
        "werbering": true
    },
    {
        "name": "Hochreiter KFZ GmbH",
        "location": "4656 Kirchham",
        "link": "https://www.autohaus-hochreiter.at",
        "category": "cars",
        "search": "Autohaus, Toyota, Neuwagen, Service",
        "werbering": true
    },
    {
        "name": "HOFER - Technisches Zeichenbüro",
        "location": "Thalbachweg 38, 4655 Vorchdorf",
        "link": "https://www.vorchdorf.at/HOFER_-_Technisches_Zeichenbuero",
        "category": "services",
        "search": "Dienstleistung, 3D-Pläne, Einreichpläne",
        "werbering": false
    },
    {
        "name": "Hoftaverne Ziegelböck",
        "location": "4655 Vorchdorf",
        "link": "https://www.hoftaverne.at",
        "category": "gastro",
        "search": "Gastronomie, Speisen und Getränke",
        "werbering": true
    },
    {
        "name": "Humanenergetik PRANAOM",
        "location": "4655 Vorchdorf",
        "link": "https://www.pranaom.at",
        "category": "healthcare",
        "search": "Massage & Wellness, Humanenergetik, Energiearbeit",
        "werbering": true
    },
    {
        "name": "ib Rauscher",
        "location": "4655 Vorchdorf",
        "link": "https://www.ibr.co.at",
        "category": "construction",
        "search": "Elektroinstallation, Elektroinstallation, Photovoltaik",
        "werbering": true
    },
    {
        "name": "id Werkstatt",
        "location": "4655 Vorchdorf",
        "link": "https://www.id-werkstatt.at",
        "category": "construction",
        "search": "Gastronomieeinrichtungen, Einrichtung, Design",
        "werbering": true
    },
    {
        "name": "IMMOWERT - Leitner e.U.",
        "location": "4656 Kirchham",
        "link": "https://www.immowert-leitner.at",
        "category": "construction",
        "search": "Immobilien, Immobilienbewertung",
        "werbering": true
    },
    {
        "name": "IMPERA Immobilien GmbH",
        "location": "4055 Pucking",
        "link": "https://www.impera-immobilien.at",
        "category": "construction",
        "search": "Immobilien, Immobilienvermittlung",
        "werbering": true
    },
    {
        "name": "Innocente Gesellschaft m.b.H.",
        "location": "4655 Vorchdorf",
        "link": "https://www.innocente.at",
        "category": "construction",
        "search": "Dachdecker, Dachdeckerarbeiten, Spengler",
        "werbering": true
    },
    {
        "name": "Innocente Pflanzgefäße",
        "location": "4655 Vorchdorf",
        "link": "https://www.innocente.at/pflanzgefaesse/",
        "category": "construction",
        "search": "Pflanzgefäße, Garten, Beton",
        "werbering": true
    },
    {
        "name": "Job & Personal GmbH",
        "location": "Reuhartinger Straße 5, 4655 Vorchdorf",
        "link": "http://www.jobundpersonal.at",
        "category": "services",
        "search": "Personalberatung, Arbeitskräfteüberlassung, Personaldienstleistungen, Jobs, Stellenangebote",
        "werbering": true
    },
    {
        "name": "JO's Restaurant, Partyservice und Eventcatering",
        "location": "4655 Vorchdorf",
        "link": "https://www.jos-restaurant.at",
        "category": "gastro",
        "search": "Gastronomie, Speisen und Getränke",
        "werbering": true
    },
    {
        "name": "Jura GmbH - Beschichtung, Abdichtung, Betonsanierung",
        "location": "4655 Vorchdorf",
        "link": "https://www.jura-beschichtung.at",
        "category": "construction",
        "search": "Industrie, Beschichtungen",
        "werbering": true
    },
    {
        "name": "Juwelier Gassenbauer",
        "location": "4655 Vorchdorf",
        "link": "https://www.juwelier-gassenbauer.at",
        "category": "jewelry",
        "search": "Schmuck & Uhren, Schmuck, Uhren, Reparaturen",
        "werbering": true
    },
    {
        "name": "K.u.F. Drack GmbH & Co KG - Strom, Holzbau, Elektrotechnik, Metall",
        "location": "4643 Pettenbach",
        "link": "https://www.kfd.at",
        "category": "construction",
        "search": "Industrie, Holz, Elektro, Metall",
        "werbering": true
    },
    {
        "name": "Kalkis Hausfleischerei e.U.",
        "location": "4655 Vorchdorf",
        "link": "https://www.kalkis-hausfleischerei.at",
        "category": "gastro",
        "search": "Fleischerei, Fleisch, Wurst, Catering",
        "werbering": true
    },
    {
        "name": "Karma Lounge - Cocktail Shishabar und Kitchen",
        "location": "4655 Vorchdorf",
        "link": "",
        "category": "gastro",
        "search": "Gastronomie, Bar, Cocktails, Speisen, Shisha",
        "werbering": true
    },
    {
        "name": "KFZ-Leiss GmbH",
        "location": "4655 Vorchdorf",
        "link": "https://www.kfz-leiss.at",
        "category": "cars",
        "search": "KFZ-Werkstatt, KFZ-Service, Reparaturen",
        "werbering": true
    },
    {
        "name": "KFZ-Bogner GmbH.",
        "location": "Lambacherstraße 41a, 4655 Vorchdorf",
        "link": "http://www.kfz-bogner.at",
        "category": "cars",
        "search": "KFZ-Werkstatt, KFZ-Service, Reparaturen",
        "werbering": false
    },
    {
        "name": "KIENINGER JESSICA, Hunde- und Katzensalon",
        "location": "4663 Laakirchen",
        "link": "https://www.hunde-katzensalon.com",
        "category": "services",
        "search": "Hundesalon & Tierpflege, Hundepflege, Katzenpflege",
        "werbering": false
    },
    {
        "name": "KITZMANTELFABRIK",
        "location": "4655 Vorchdorf",
        "link": "https://www.kitzmantelfabrik.at",
        "category": "culture",
        "search": "Museum & Kultur, Museum, Veranstaltungen, Kultur",
        "werbering": false
    },
    {
        "name": "kmb Metalltechnik",
        "location": "Feldhamer Straße 39, 4655 Vorchdorf",
        "link": "http://www.kmb-technik.at",
        "category": "industry",
        "search": "Industrie, Metalltechnik",
        "werbering": false
    },
    {
        "name": "Kohler - Intercoiffeur - Damen- u. Herrenfriseur",
        "location": "Schloßplatz 9, 4655 Vorchdorf",
        "link": "http://www.salon-kohler.at",
        "category": "beauty",
        "search": "Friseur, Damen- und Herrenfriseur",
        "werbering": false
    },
    {
        "name": "KREATIVE BLUMEREI",
        "location": "4664 Oberweis",
        "link": "https://www.kreative-blumerei.at",
        "category": "flowers",
        "search": "Blumen & Gärtnerei, Blumen, Floristik",
        "werbering": false
    },
    {
        "name": "Kreuzeder Säge- & Hobelwerk",
        "location": "Lederau 46, 4655 Vorchdorf",
        "link": "https://www.vorchdorf.at/Kreuzeder_Saege-_Hobelwerk",
        "category": "industry",
        "search": "Holzverarbeitung, Sägewerk, Hobelwerk, Bauholz",
        "werbering": false
    },
    {
        "name": "Autohaus Kronberger GmbH",
        "location": "4656 Kirchham",
        "link": "https://www.ford-kronberger-kirchham.at",
        "category": "cars",
        "search": "Autohaus, Ford, Neuwagen, Service",
        "werbering": true
    },
    {
        "name": "Königswieser Gerätetechnik GmbH",
        "location": "4655 Vorchdorf",
        "link": "https://www.koenigswieser.com",
        "category": "industry",
        "search": "Landtechnik, Forsttechnik, Seilwinden",
        "werbering": true
    },
    {
        "name": "LAAKIRCHEN PAPIER AG",
        "location": "4663 Laakirchen",
        "link": "https://www.heinzelpaper.com",
        "category": "industry",
        "search": "Papier, Papierherstellung",
        "werbering": false
    },
    {
        "name": "Lagerhaus Vorchdorf",
        "location": "4655 Vorchdorf",
        "link": "https://www.lagerhaus.at",
        "category": "construction",
        "search": "Agrarhandel, Baustoffe, Gartenbedarf, Landwirtschaft",
        "werbering": true
    },
    {
        "name": "Landschaftspflege Preinstorfer",
        "location": "4655 Vorchdorf",
        "link": "https://www.landschaftspflege-preinstorfer.at",
        "category": "services",
        "search": "Landschaftspflege, Landschaftspflege, Kommunaldienst",
        "werbering": true
    },
    {
        "name": "LANG Schuhmode",
        "location": "4655 Vorchdorf",
        "link": "https://www.fmzvorchdorf.at",
        "category": "fashion",
        "search": "Mode & Bekleidung, Schuhe, Mode",
        "werbering": true
    },
    {
        "name": "LCA - Agentur für Rationalisierungs- u. Sicherheitstechnik",
        "location": "Messenbacherstrasse 24, 4655 Vorchdorf",
        "link": "https://www.vorchdorf.at/LCA_-_Agentur_fuer_Rationalisierungs-_u_Sicherheitstechnik",
        "category": "services",
        "search": "Unternehmensberatung, Rationalisierung, Sicherheitstechnik",
        "werbering": false
    },
    {
        "name": "Leather Rose - Lederhandwerk & Polsterungen",
        "location": "4655 Vorchdorf",
        "link": "https://www.leatherrose.at",
        "category": "jewelry",
        "search": "Lederwaren, Lederwaren, Handwerk, Polsterungen",
        "werbering": true
    },
    {
        "name": "Leithinger Gärtnerei und Blumen",
        "location": "4655 Vorchdorf",
        "link": "https://www.gaertnerei-leithinger.at",
        "category": "flowers",
        "search": "Blumen & Gärtnerei, Gärtnerei, Blumen, Pflanzen",
        "werbering": true
    },
    {
        "name": "LG-Tiefbau GmbH",
        "location": "4652 Steinerkirchen",
        "link": "https://www.lg-tiefbau.at",
        "category": "construction",
        "search": "Bau & Tiefbau, Tiefbau, Erdbewegungen",
        "werbering": true
    },
    {
        "name": "Lichtland RITTENSCHOBER KG",
        "location": "4816 Gschwandt",
        "link": "https://www.lichtland.at",
        "category": "construction",
        "search": "Licht & Lampen, Lampen, Beleuchtung",
        "werbering": false
    },
    {
        "name": "Lohninger Erdbau GmbH",
        "location": "Adlhaming 30, 4655 Vorchdorf",
        "link": "https://www.erdbau-lohninger.at",
        "category": "construction",
        "search": "Bau & Tiefbau, Erdbau, Baggerarbeiten",
        "werbering": true
    },
    {
        "name": "LOIDL Michael, Tabak Trafik",
        "location": "4663 Laakirchen",
        "link": "",
        "category": "tobacco",
        "search": "Trafik, Tabakwaren, Zeitschriften",
        "werbering": false
    },
    {
        "name": "floral elements - Elke Lumetsberger",
        "location": "Waldstraße 10, 4655 Vorchdorf",
        "link": "http://www.elke-lumetsberger.at",
        "category": "flowers",
        "search": "Blumen & Gärtnerei, Blumen, Floristik",
        "werbering": true
    },
    {
        "name": "Lüftinger Bau GmbH",
        "location": "4654 Bad Wimsbach",
        "link": "https://www.lueftingerbau.at",
        "category": "construction",
        "search": "Bau & Tiefbau, Bau, Tiefbau",
        "werbering": true
    },
    {
        "name": "Maier Dach GmbH",
        "location": "4655 Vorchdorf",
        "link": "https://www.maier-dach.at",
        "category": "construction",
        "search": "Dachdecker, Dachdeckerarbeiten",
        "werbering": true
    },
    {
        "name": "Malerei Jürgen Prielinger",
        "location": "Burgstraße 12, 4655 Vorchdorf",
        "link": "http://www.malerei-prielinger.at",
        "category": "construction",
        "search": "Malerei, Malerarbeiten, Fassade",
        "werbering": false
    },
    {
        "name": "Marktgemeinde Vorchdorf",
        "location": "4655 Vorchdorf",
        "link": "https://www.vorchdorf.at",
        "category": "services",
        "search": "Gemeinde, Gemeindeverwaltung",
        "werbering": true
    },
    {
        "name": "Marmor-Stein Handels & Montage GmbH",
        "location": "4655 Vorchdorf",
        "link": "https://www.marmor-stein.at",
        "category": "construction",
        "search": "Steinmetz, Marmor, Stein, Naturstein, Montage",
        "werbering": true
    },
    {
        "name": "Martetschläger GmbH",
        "location": "Dr. Mitterbauerstraße 5, 4655 Vorchdorf",
        "link": "https://www.martetschlaeger.net",
        "category": "construction",
        "search": "Fliesen & Öfen, Kachelöfen, Fliesen",
        "werbering": true
    },
    {
        "name": "Massmöbel Individuell",
        "location": "Eggenberg 13, 4655 Vorchdorf",
        "link": "https://www.vorchdorf.at/Massmoebel_Individuell",
        "category": "construction",
        "search": "Möbel & Einrichtung, Möbel nach Maß",
        "werbering": false
    },
    {
        "name": "McDonald's Vorchdorf mit McCafe",
        "location": "4655 Vorchdorf",
        "link": "https://www.mcdonalds.at/restaurant/asamerstrasse-1-a-4655-vorchdorf",
        "category": "gastro",
        "search": "Gastronomie, Fast Food",
        "werbering": true
    },
    {
        "name": "Mein Training - Vorchdorf",
        "location": "4655 Vorchdorf",
        "link": "https://www.mein-training.at",
        "category": "beauty",
        "search": "Fitness, Fitnesstraining",
        "werbering": true
    },
    {
        "name": "MBP Metallbau Prielinger GmbH",
        "location": "Josef Haas-Straße 10, 4655 Vorchdorf",
        "link": "https://www.prielinger.com/",
        "category": "construction",
        "search": "Metallbau, Metallbau, Schlosserei",
        "werbering": true
    },
    {
        "name": "Meyer Logistik GmbH & Co. KG",
        "location": "4655 Vorchdorf",
        "link": "https://www.meyer-logistik.at",
        "category": "industry",
        "search": "Transport & Logistik, Logistik, Transport",
        "werbering": true
    },
    {
        "name": "Miba Sinter Austria GmbH",
        "location": "Dr. Mitterbauerstraße 1, 4655 Vorchdorf",
        "link": "http://www.miba.com",
        "category": "industry",
        "search": "Industrie, Sinterteile, Automobilzulieferer",
        "werbering": false
    },
    {
        "name": "MICHLHOF zu Haitzing",
        "location": "4663 Laakirchen",
        "link": "https://www.michlhof-haitzing.at",
        "category": "gastro",
        "search": "Bauernhof, Bauernhof, Direktvermarktung",
        "werbering": false
    },
    {
        "name": "Mobile Pflege - Marina Nußbaumer",
        "location": "4655 Vorchdorf",
        "link": "https://www.mobilepflegenussbaumer.at",
        "category": "services",
        "search": "Pflege & Betreuung, Mobile Pflege, Betreuung",
        "werbering": true
    },
    {
        "name": "Mobiles Sägewerk FÜRTBAUER",
        "location": "4694 Ohlsdorf",
        "link": "",
        "category": "services",
        "search": "Holzverarbeitung, Mobiles Sägewerk",
        "werbering": false
    },
    {
        "name": "Moden BAUMGARTNER",
        "location": "4663 Laakirchen",
        "link": "https://www.laakirchen.ooe.gv.at/Moden_Baumgartner",
        "category": "fashion",
        "search": "Mode & Bekleidung, Mode, Bekleidung",
        "werbering": false
    },
    {
        "name": "Moorbad Gmös",
        "location": "4663 Laakirchen",
        "link": "https://www.moorbad.gmoes.at",
        "category": "healthcare",
        "search": "Massage & Wellness, Moorbad, Wellness",
        "werbering": true
    },
    {
        "name": "Musikinstrumente Hemetsberger",
        "location": "Schloßplatz 9, 4655 Vorchdorf",
        "link": "http://www.musik-hemetsberger.at",
        "category": "culture",
        "search": "Musik, Musikinstrumente",
        "werbering": false
    },
    {
        "name": "Mühle Bäckerei Bachinger GmbH",
        "location": "Lindacherstraße 7, 4655 Vorchdorf",
        "link": "https://www.vorchdorf.at/Bachinger_Baeckerei_Muehle_GmbH",
        "category": "food",
        "search": "Bäckerei, Brot, Gebäck, 100% Roggenbrot",
        "werbering": false
    },
    {
        "name": "Müller Kraftfahrzeug GesmbH",
        "location": "4654 Bad Wimsbach",
        "link": "https://www.kfz-mueller.at",
        "category": "cars",
        "search": "KFZ-Werkstatt, KFZ-Service, Reparaturen, Neuwagen, Gebrauchtwagen",
        "werbering": true
    },
    {
        "name": "MÜLLER Tankstellen GesmbH",
        "location": "4812 St. Konrad",
        "link": "",
        "category": "gas",
        "search": "Tankstelle, Kraftstoffe, Shop",
        "werbering": false
    },
    {
        "name": "MY GYM Prime Eberstalzell",
        "location": "ÖKOARENA - Solarstraße, 4653 Eberstalzell",
        "link": "https://www.mygym-prime.at",
        "category": "beauty",
        "search": "Fitnessstudio, Fitness, Training, MyGym, Eberstalzell",
        "werbering": true
    },
    {
        "name": "Nahwärme Vorchdorf e.G.",
        "location": "4655 Vorchdorf",
        "link": "https://www.nahwaerme-vorchdorf.at",
        "category": "services",
        "search": "Energie, Fernwärme, Nahwärme",
        "werbering": true
    },
    {
        "name": "NKD Österreich GmbH",
        "location": "Bahnhofstraße 16, 4655 Vorchdorf",
        "link": "https://www.nkd.at",
        "category": "fashion",
        "search": "Mode & Bekleidung, Mode, Textilien",
        "werbering": true
    },
    {
        "name": "Notariat Wilthoner",
        "location": "Bahnhofstraße 21, 4655 Vorchdorf",
        "link": "https://www.notar-wilthoner.at",
        "category": "legal",
        "search": "Notar, Beglaubigungen, Verträge, Grundbuch",
        "werbering": true
    },
    {
        "name": "OBERBANK Laakirchen",
        "location": "4663 Laakirchen",
        "link": "https://www.oberbank.at",
        "category": "banks",
        "search": "Bank, Konten, Kredite, Beratung",
        "werbering": false
    },
    {
        "name": "OBERÖSTERREICH.TV",
        "location": "4650 Lambach",
        "link": "https://www.oberoesterreich.tv",
        "category": "advertising",
        "search": "Medien, TV, Nachrichten",
        "werbering": true
    },
    {
        "name": "Palman Oliver, Maler und Anstreicher",
        "location": "4655 Vorchdorf",
        "link": "https://www.daibau.at/oliver_palman",
        "category": "construction",
        "search": "Malerei, Malerarbeiten, Fassade",
        "werbering": true
    },
    {
        "name": "PAPIERWELT MUSEUM und ALFA",
        "location": "4662 Steyrermühl",
        "link": "https://www.papiermuseum.at",
        "category": "culture",
        "search": "Museum & Kultur, Museum, Papiergeschichte",
        "werbering": false
    },
    {
        "name": "PEARLE Optik Vorchdorf",
        "location": "4655 Vorchdorf",
        "link": "https://www.pearle.at",
        "category": "healthcare",
        "search": "Optik & Hörgeräte, Brillen, Kontaktlinsen",
        "werbering": true
    },
    {
        "name": "Pfatschbacher Photography",
        "location": "4810 Gschwandt",
        "link": "https://www.pfatschbacher-photography.at",
        "category": "photo",
        "search": "Fotografie, Fotografie",
        "werbering": true
    },
    {
        "name": "PICHELSBERGER Autohaus GmbH",
        "location": "4655 Vorchdorf",
        "link": "https://www.pichelsberger.at",
        "category": "cars",
        "search": "Autohaus, Neuwagen, Gebrauchtwagen, Service",
        "werbering": false
    },
    {
        "name": "Plaichinger Karl GesmbH",
        "location": "4663 Laakirchen",
        "link": "https://www.vorchdorfonline.at/users/plaichinger",
        "category": "food",
        "search": "Industrie, Industrieprodukte",
        "werbering": true
    },
    {
        "name": "Plank Kachelöfen und Fliesen",
        "location": "4655 Vorchdorf",
        "link": "https://www.hafnertec.com/vertriebspartner/plank-franz/?utm_term=&utm_campaign=AT_08_2024_SPOK&utm_source=adwords&utm_medium=ppc&hsa_acc=3054782009&hsa_cam=21597681731&hsa_grp=174674059668&hsa_ad=757109534793&hsa_src=g&hsa_tgt=dsa-840263501514&hsa_kw=&hsa_mt=&hsa_net=adwords&hsa_ver=3&gad_source=1&gad_campaignid=21597681731&gbraid=0AAAAA99tfclA5tma6bJaaoYG-f3EjlbAj&gclid=CjwKCAiA7LzLBhAgEiwAjMWzCAPbNI-F7hI68uIxIFRA0SQWg2pANs2nPg2WoeESkfiAOAM24SK0RxoCe-EQAvD_BwE",
        "category": "construction",
        "search": "Kachelofen, Fliesen, Ofenbau",
        "werbering": true
    },
    {
        "name": "POHN - LOHNFERTIGUNG",
        "location": "Einsiedling 43, 4655 Vorchdorf",
        "link": "http://www.pohn-lohnfertigung.at",
        "category": "industry",
        "search": "Industrie, Lohnfertigung",
        "werbering": false
    },
    {
        "name": "Power Networks GmbH",
        "location": "4655 Vorchdorf",
        "link": "https://www.powernetworks.at",
        "category": "it",
        "search": "IT & EDV, Netzwerke, IT-Service",
        "werbering": true
    },
    {
        "name": "Praschma - Texter",
        "location": "Am Riedlbach 3, 4650 Vorchdorf",
        "link": "https://praschma.com",
        "category": "advertising",
        "search": "Dienstleistung, Texter",
        "werbering": false
    },
    {
        "name": "PRIELINGER ELECTRONIC SYSTEMS",
        "location": "Point 5, 4655 Vorchdorf",
        "link": "http://www.prisy.at",
        "category": "construction",
        "search": "Elektrotechnik, Elektromaschinenbauer, Bürokommunikationstechniker",
        "werbering": false
    },
    {
        "name": "PROCONSULT Vorchdorf Wirtschaftsprüfung und Steuerberatung GmbH & Co KG",
        "location": "4655 Vorchdorf",
        "link": "https://www.proconsult-wt.at",
        "category": "accounting",
        "search": "Steuerberatung, Wirtschaftsprüfung, Steuerberatung",
        "werbering": true
    },
    {
        "name": "proUmwelt GmbH Limberger",
        "location": "Lambacherstraße 42, 4655 Vorchdorf",
        "link": "https://www.proumwelt.at",
        "category": "services",
        "search": "Entsorgung, Abfallsammlung, Containerdienst",
        "werbering": true
    },
    {
        "name": "Pöll GesmbH & CoKG",
        "location": "Bahnhofstrasse 27, 4655 Vorchdorf",
        "link": "https://www.poell-vorchdorf.at",
        "category": "food",
        "search": "Fleischerei, Frischfleisch, Wurst, Schlachthof",
        "werbering": true
    },
    {
        "name": "Radner Bernhard, Tischlerei",
        "location": "4655 Vorchdorf",
        "link": "https://www.bestattung-vorchdorf.at/",
        "category": "construction",
        "search": "Tischlerei, Tischlerei, Möbel",
        "werbering": true
    },
    {
        "name": "Raiffeisenbank Salzkammergut eGen",
        "location": "Schlossplatz 3, 4655 Vorchdorf",
        "link": "https://www.raiffeisen-ooe.at/salzkammergut",
        "category": "banks",
        "search": "Bank, Konten, Kredite, Beratung",
        "werbering": true
    },
    {
        "name": "Armin Rauch Werbeagentur UNGLEICH",
        "location": "4655 Vorchdorf",
        "link": "https://www.ungleich.at",
        "category": "advertising",
        "search": "Werbeagentur, Werbung, Grafik, Marketing",
        "werbering": true
    },
    {
        "name": "Die Vorchdorfer Anwälte - Dr. Horst Mayr",
        "location": "4655 Vorchdorf",
        "link": "https://www.ra-mayr.at",
        "category": "legal",
        "search": "Rechtsanwalt, Rechtsberatung, Vertretung",
        "werbering": true
    },
    {
        "name": "Die Vorchdorfer Anwälte - Mag. Aigner - Mag. Lampl",
        "location": "4655 Vorchdorf",
        "link": "https://www.kanzlei-vorchdorf.at",
        "category": "legal",
        "search": "Rechtsanwalt, Rechtsberatung, Vertretung",
        "werbering": true
    },
    {
        "name": "regio intakt Unternehmensberatung e.U.",
        "location": "4655 Vorchdorf",
        "link": "https://www.vorchdorfonline.at/users/regio-intakt-unternehmensberatung-eu",
        "category": "services",
        "search": "Unternehmensberatung, Beratung, Coaching",
        "werbering": true
    },
    {
        "name": "REINIGUNG: GLAS-STEIN-PKW-BOOTE UVM....",
        "location": "Falkenohren 16, 4655 Vorchdorf",
        "link": "https://firmen.wko.at/g%C3%BCnter-kubista-nano-power/ober%C3%B6sterreich/?firmaid=5e0b8964-8a32-4556-8f32-94aa011cb7d7",
        "category": "services",
        "search": "Reinigung, Reinigung, Versiegelung",
        "werbering": false
    },
    {
        "name": "Reisen Fröch",
        "location": "4663 Laakirchen",
        "link": "https://www.froech-reisen.at",
        "category": "culture",
        "search": "Reisebüro, Reisen, Busreisen",
        "werbering": true
    },
    {
        "name": "ReVital-Shop Vorchdorf",
        "location": "4655 Vorchdorf",
        "link": "https://www.revitalistgenial.at/",
        "category": "fashion",
        "search": "Secondhand, Secondhand, Gebrauchtwaren, Postpartner",
        "werbering": true
    },
    {
        "name": "s`Gschäft ums Eck e.U.",
        "location": "4653 Eberstalzell",
        "link": "https://www.nahundfrisch.at/de/kaufmann/s-gschaeft-ums-eck",
        "category": "food",
        "search": "Lebensmittelhandel, Lebensmittel",
        "werbering": true
    },
    {
        "name": "Sattler Hans-Peter Techn. Zeichenbüro",
        "location": "Bahnweg 5, 4655 Vorchdorf",
        "link": "https://www.vorchdorf.at/Sattler_Hans-Peter_Techn_Zeichenbuero",
        "category": "services",
        "search": "Dienstleistung, 3D-Pläne, Einreichpläne",
        "werbering": false
    },
    {
        "name": "schatzl .online",
        "location": "4655 Vorchdorf",
        "link": "https://www.schatzl.online",
        "category": "it",
        "search": "IT & EDV, Webdesign, Online-Marketing",
        "werbering": true
    },
    {
        "name": "Scherleithner Josef Grubenservice",
        "location": "Schart 17, 4655 Vorchdorf",
        "link": "https://www.vorchdorf.at/Scherleithner_Josef_Grubenservice",
        "category": "services",
        "search": "Landwirtschaft, Abfallsammlung",
        "werbering": false
    },
    {
        "name": "Scherleitner Manfred, Dr. MBA",
        "location": "Adlhaming 5, 4655 Vorchdorf",
        "link": "https://www.vorchdorf.at/Scherleitner_Manfred",
        "category": "services",
        "search": "Unternehmensberatung, Agrarschutz, Beratung",
        "werbering": false
    },
    {
        "name": "SCHIESSL Kältegesellschaft m.b.H",
        "location": "4655 Vorchdorf",
        "link": "https://www.schiessl.at",
        "category": "industry",
        "search": "Kältetechnik, Kälteanlagen, Klimatechnik",
        "werbering": true
    },
    {
        "name": "SCHIRMFABRIK marketing solutions.",
        "location": "Moos 22, 4655 Vorchdorf",
        "link": "https://www.vorchdorf.at/SCHIRMFABRIK_marketing_solutions_",
        "category": "advertising",
        "search": "Werbeagentur, Marketing, Werbung",
        "werbering": false
    },
    {
        "name": "SCHMALWIESER - Bastel-, Schul- und Nähbedarf, Stoffe",
        "location": "4655 Vorchdorf",
        "link": "https://www.vorchdorfonline.at/users/schmalwieser",
        "category": "construction",
        "search": "Bastel & Nähbedarf, Bastelbedarf, Stoffe, Nähzubehör",
        "werbering": true
    },
    {
        "name": "Schneeberger Günter",
        "location": "Theuerwang 17, 4655 Vorchdorf",
        "link": "https://www.vorchdorf.at/Schneeberger_Guenter",
        "category": "services",
        "search": "Entsorgung, Entsorgung, Containerdienst",
        "werbering": false
    },
    {
        "name": "Schneeberger Karl - Schwimmbad-Montage-Technik e.U.",
        "location": "4655 Vorchdorf",
        "link": "https://www.schwimmbad1a.at",
        "category": "construction",
        "search": "Schwimmbadtechnik, Schwimmbad, Poolbau",
        "werbering": true
    },
    {
        "name": "Schnitt Vision, Lisa Thalinger",
        "location": "4655 Vorchdorf",
        "link": "https://www.schnittvision.at",
        "category": "beauty",
        "search": "Friseur, Damen- und Herrenfriseur",
        "werbering": true
    },
    {
        "name": "Schwabegger Optik - Hörgeräte - Contactlinsen",
        "location": "4655 Vorchdorf",
        "link": "https://www.schwabegger.at",
        "category": "healthcare",
        "search": "Optik & Hörgeräte, Brillen, Hörgeräte, Kontaktlinsen",
        "werbering": true
    },
    {
        "name": "Schweinehandel Oppeneder Gerhard",
        "location": "Mühltal 86, 4655 Vorchdorf",
        "link": "https://www.oppeneder.at",
        "category": "food",
        "search": "Landwirtschaft, Schweinehandel",
        "werbering": false
    },
    {
        "name": "SECONDHAND FARBENFROH",
        "location": "4662 Steyrermühl",
        "link": "https://www.laakirchen.ooe.gv.at/Farbenfroh_2ndhand_fuer_Kinder",
        "category": "fashion",
        "search": "Secondhand, Secondhand-Mode",
        "werbering": false
    },
    {
        "name": "Selena Grundner, MSc - Psychosoziale Beraterin",
        "location": "Wiesenstraße 3, 4655 Vorchdorf",
        "link": "https://www.vorchdorfonline.at/users/selena-empowerment-coaching",
        "category": "healthcare",
        "search": "Psychosoziale Beratung, Empowerment Coaching, Lebensberatung, Coaching",
        "werbering": true
    },
    {
        "name": "Seyr Harald, Dachdeckerei",
        "location": "Neue Landstraße 70, 4655 Vorchdorf",
        "link": "https://www.seyr.org",
        "category": "construction",
        "search": "Dachdecker, Dachdeckerarbeiten, Spenglerei",
        "werbering": true
    },
    {
        "name": "SFK GmbH",
        "location": "4656 Kirchham",
        "link": "https://www.sfk.at",
        "category": "construction",
        "search": "Tischlerei, Industrieprodukte, Küchen, Wohnen, CNC, Bestatter",
        "werbering": true
    },
    {
        "name": "SHELL Tankstelle",
        "location": "4662 Steyrermühl",
        "link": "",
        "category": "gas",
        "search": "Tankstelle, Kraftstoffe, Shop",
        "werbering": false
    },
    {
        "name": "Shiatsu Massage Carmen",
        "location": "4655 Vorchdorf",
        "link": "https://www.massagecarmen.at",
        "category": "healthcare",
        "search": "Massage & Wellness, Shiatsu, Massage",
        "werbering": true
    },
    {
        "name": "Sleddog-Shop",
        "location": "Waldstrasse 1, 4655 Vorchdorf",
        "link": "https://www.vorchdorf.at/Sleddog-Shop",
        "category": "services",
        "search": "Tierbedarf, Schlittenhunde, Zubehör",
        "werbering": false
    },
    {
        "name": "Sodian Immobilien",
        "location": "4655 Vorchdorf",
        "link": "http://www.sodian-immobilien.at/",
        "category": "construction",
        "search": "Immobilien, Immobilienvermittlung",
        "werbering": true
    },
    {
        "name": "Sodian Industriereinigung GmbH",
        "location": "Fischböckau 48, 4655 Vorchdorf",
        "link": "http://www.sodian.at",
        "category": "services",
        "search": "Reinigung, Industriereinigung, Hochdruck",
        "werbering": false
    },
    {
        "name": "sooonah GmbH",
        "location": "Kapellenweg 8, 4655 Vorchdorf",
        "link": "https://www.sooonah.com",
        "category": "it",
        "search": "Onlineshop, Onlineshop",
        "werbering": false
    },
    {
        "name": "Spar Hessenberger",
        "location": "4663 Laakirchen",
        "link": "https://www.spar.at/standorte/spar-laakirchen-4663-gmundner-strasse-35",
        "category": "food",
        "search": "Lebensmittelhandel, Lebensmittel",
        "werbering": true
    },
    {
        "name": "Spar Österreichische Warenhandels AG",
        "location": "4655 Vorchdorf",
        "link": "https://www.spar.at/standorte/eurospar-vorchdorf-4655-neue-landstrasse-70",
        "category": "food",
        "search": "Lebensmittelhandel, Lebensmittel",
        "werbering": true
    },
    {
        "name": "SPARKASSE Laakirchen",
        "location": "4663 Laakirchen",
        "link": "https://www.sparkasse.at",
        "category": "banks",
        "search": "Bank, Konten, Kredite, Beratung",
        "werbering": false
    },
    {
        "name": "Sparkasse Vorchdorf",
        "location": "Bahnhofstr. 21, 4655 Vorchdorf",
        "link": "https://www.sparkasse.at/sgruppe/filialen-oeffungszeiten/filialsuche/filiale/4655-vorchdorf/bahnhofstrasse-21/AT02470010",
        "category": "banks",
        "search": "Bank, Konten, Kredite, Beratung",
        "werbering": true
    },
    {
        "name": "SPC Gebäudetechnik",
        "location": "4656 Kirchham",
        "link": "https://www.spc-technik.at",
        "category": "construction",
        "search": "Installateur, Gebäudetechnik, Installation",
        "werbering": true
    },
    {
        "name": "Tischlerei - Paulus Spitzbart",
        "location": "4663 Laakirchen",
        "link": "https://www.tischlerei-spitzbart.at/",
        "category": "construction",
        "search": "Tischlerei, Tischlerei, Bodenbeläge",
        "werbering": true
    },
    {
        "name": "SPS Bruderhofer",
        "location": "4655 Vorchdorf",
        "link": "https://www.sps-bruderhofer.at",
        "category": "construction",
        "search": "Schwimmbadtechnik, Poolbau, Sanierung",
        "werbering": true
    },
    {
        "name": "STADT Apotheke",
        "location": "4663 Laakirchen",
        "link": "https://www.stadtapo-laakirchen.at",
        "category": "healthcare",
        "search": "Apotheke, Medikamente, Beratung, Kosmetik",
        "werbering": false
    },
    {
        "name": "STADTGEMEINDE Laakirchen",
        "location": "4663 Laakirchen",
        "link": "https://www.laakirchen.at",
        "category": "services",
        "search": "Gemeinde, Gemeindeverwaltung",
        "werbering": false
    },
    {
        "name": "STEINER'S Fiaker",
        "location": "4663 Laakirchen",
        "link": "https://www.fiaker.steiners-restaurants.at",
        "category": "gastro",
        "search": "Gastronomie, Speisen und Getränke",
        "werbering": false
    },
    {
        "name": "Steinmetzmeister LITTRINGER",
        "location": "4663 Laakirchen",
        "link": "https://www.littringer-stein.at",
        "category": "construction",
        "search": "Steinmetz, Steinmetzarbeiten, Grabsteine",
        "werbering": false
    },
    {
        "name": "Stern & Hafferl GesmbH",
        "location": "Bahnhof, 4655 Vorchdorf",
        "link": "https://www.stern-verkehr.at",
        "category": "transport",
        "search": "Verkehr, Öffentlicher Verkehr, Lokalbahn",
        "werbering": true
    },
    {
        "name": "Stil & more",
        "location": "Lederau 17, 4655 Vorchdorf",
        "link": "https://www.vorchdorf.at/Stil_more",
        "category": "fashion",
        "search": "Einzelhandel, Geschenkartikel, Dekoration",
        "werbering": false
    },
    {
        "name": "Stuco GmbH",
        "location": "Lambacher Straße 41a, 4655 Vorchdorf",
        "link": "https://www.stuco.com",
        "category": "wholesale",
        "search": "Sicherheitsschuhe, Schuhe",
        "werbering": true
    },
    {
        "name": "Stöttinger Immobilien",
        "location": "4655 Vorchdorf",
        "link": "https://www.stoettinger-immobilien.at",
        "category": "construction",
        "search": "Immobilien, Immobilienvermittlung",
        "werbering": true
    },
    {
        "name": "susanne.anziehend",
        "location": "4655 Vorchdorf",
        "link": "https://susanne-anziehend.at/",
        "category": "fashion",
        "search": "Mode & Bekleidung, Mode, Bekleidung",
        "werbering": true
    },
    {
        "name": "T&H Sound Systems Ges.n.b.R",
        "location": "Theuerwang 22, 4655 Vorchdorf",
        "link": "https://www.vorchdorf.at/T_H_Sound_Systems_Ges_n_b_R",
        "category": "construction",
        "search": "Elektro & Haushalt, Soundsysteme, Audio",
        "werbering": false
    },
    {
        "name": "Team DogTraining - Dominik Söllradl",
        "location": "4655 Vorchdorf",
        "link": "https://www.dogtraining.at",
        "category": "services",
        "search": "Hundesalon & Tierpflege, Hundetraining",
        "werbering": true
    },
    {
        "name": "Tinkahof",
        "location": "Feldham 13, 4655 Vorchdorf",
        "link": "http://www.tinkahof.at",
        "category": "gastro",
        "search": "Bauernhof, Pferde",
        "werbering": false
    },
    {
        "name": "Tischlerei STELZHAMMER GmbH",
        "location": "4663 Laakirchen",
        "link": "https://www.firmenabc.at/stelzhammer-gesellschaft-m-b-h_kwX",
        "category": "construction",
        "search": "Tischlerei, Tischlerei, Möbel",
        "werbering": false
    },
    {
        "name": "Traunsee Schifffahrt - Karlheinz Eder GmbH",
        "location": "4810 Gmunden",
        "link": "https://www.traunseeschifffahrt.at",
        "category": "transport",
        "search": "Schifffahrt, Schifffahrt, Ausflugsfahrten",
        "werbering": true
    },
    {
        "name": "Textilreinigung Traunstein - bringt's ins Reine",
        "location": "4655 Vorchdorf",
        "link": "https://www.textilreinigung-traunstein.at",
        "category": "services",
        "search": "Textilreinigung, Textilreinigung",
        "werbering": true
    },
    {
        "name": "TVM Versicherungsmakler GmbH",
        "location": "Lederau 138, 4655 Vorchdorf",
        "link": "https://www.tvm.at",
        "category": "banks",
        "search": "Versicherung, Versicherungsberatung",
        "werbering": true
    },
    {
        "name": "Urkornhof Kammerleithner",
        "location": "Point 11, 4655 Vorchdorf",
        "link": "http://www.urkorn.at",
        "category": "food",
        "search": "Bauernhof, Bauernhof, Urkorn",
        "werbering": false
    },
    {
        "name": "Viechtbauer Stefan Wärmetechnik",
        "location": "4655 Vorchdorf",
        "link": "http://www.v-infrarot.at",
        "category": "construction",
        "search": "Wärmetechnik, Infrarotheizung",
        "werbering": true
    },
    {
        "name": "Vinolino, Laszl Gerhard",
        "location": "4655 Vorchdorf",
        "link": "https://www.vorchdorfonline.at/users/vinolino",
        "category": "gastro",
        "search": "Bar, Weinhandel, Bar, Weinhandel",
        "werbering": true
    },
    {
        "name": "VKB-Bank Vorchdorf",
        "location": "Bahnhofstraße 7, 4655 Vorchdorf",
        "link": "https://www.vkb-bank.at/standorte/vorchdorf",
        "category": "banks",
        "search": "Bank, Konten, Kredite, Beratung",
        "werbering": false
    },
    {
        "name": "VMB Laakirchen",
        "location": "4663 Laakirchen",
        "link": "https://www.vmb-laakirchen.at",
        "category": "banks",
        "search": "Versicherung, Versicherungsberatung",
        "werbering": false
    },
    {
        "name": "Vogelhubergut - Familie Scherleithner",
        "location": "4655 Vorchdorf",
        "link": "https://www.vogelhubergut.at",
        "category": "gastro",
        "search": "Bauernhof, Pension, Pension, Zimmervermietung, Veranstaltungen",
        "werbering": true
    },
    {
        "name": "Volkskreditbank AG",
        "location": "4655 Vorchdorf",
        "link": "https://www.vkb-bank.at",
        "category": "banks",
        "search": "Bank, Konten, Kredite, Beratung",
        "werbering": true
    },
    {
        "name": "vorchdorfmedia e.U. - Mag. Gerhard Radner",
        "location": "Oberhörbach 18, 4655 Vorchdorf",
        "link": "https://www.vorchdorfmedia.at",
        "category": "advertising",
        "search": "Werbeagentur, Werbung, Medien",
        "werbering": true
    },
    {
        "name": "Wagenhaus GmbH",
        "location": "Feldhamer Straße 41, 4655 Vorchdorf",
        "link": "https://www.wagenhaus.at/",
        "category": "cars",
        "search": "Autohaus, Kfz-Werkstatt, Autoverkauf",
        "werbering": true
    },
    {
        "name": "Weltladen Vorchdorf",
        "location": "4655 Vorchdorf",
        "link": "https://www.weltladen-vorchdorf.at",
        "category": "food",
        "search": "Weltladen, Fair Trade Produkte",
        "werbering": true
    },
    {
        "name": "Werbering Vorchdorf",
        "location": "4655 Vorchdorf",
        "link": "https://www.vorchdorfonline.at",
        "category": "services",
        "search": "Werbering, Verein, Wirtschaft, Gutscheine",
        "werbering": true
    },
    {
        "name": "Westreicher, MR Dr. Claudia",
        "location": "4655 Vorchdorf",
        "link": "https://www.westreicher.at/claudia/",
        "category": "healthcare",
        "search": "Arzt, Ärztin, Medizin, Allgemeinmedizin",
        "werbering": true
    },
    {
        "name": "Wiedl's Taxi GmbH",
        "location": "Brunnmühlstraße 8, 4655 Vorchdorf",
        "link": "https://to4009.wixsite.com/wiedl",
        "category": "transport",
        "search": "Taxi & Mietwagen, Taxi, 24h Service",
        "werbering": true
    },
    {
        "name": "Wiener F., Stapler-u. Baumaschinenservice",
        "location": "Neue Landstrasse 70, 4655 Vorchdorf",
        "link": "http://www.stapler-wiener.at",
        "category": "construction",
        "search": "Baumaschinen, Stapler, Baumaschinen, Service",
        "werbering": false
    },
    {
        "name": "Wirt in der Edt",
        "location": "4655 Vorchdorf",
        "link": "https://www.wirt-edt.at",
        "category": "gastro",
        "search": "Gastronomie, Speisen und Getränke",
        "werbering": true
    },
    {
        "name": "WohnPlanerin - Eva Raffelsberger",
        "location": "4655 Vorchdorf",
        "link": "https://www.wohnplanerin.at",
        "category": "construction",
        "search": "Möbel & Einrichtung, Wohnplanung, Einrichtungsberatung",
        "werbering": true
    },
    {
        "name": "Wohnstudio Johannes HUTTERER",
        "location": "4663 Laakirchen",
        "link": "https://www.moderne-kuechen.at",
        "category": "construction",
        "search": "Möbel & Einrichtung, Küchen, Möbel",
        "werbering": false
    },
    {
        "name": "Zambelli Industrieprodukte",
        "location": "4655 Vorchdorf",
        "link": "https://www.zambelli-ip.at",
        "category": "services",
        "search": "Industrie, Industrieprodukte",
        "werbering": true
    },
    {
        "name": "Zauner Berthold Werbe- und Handelsagentur",
        "location": "Seyrkam 35, 4655 Vorchdorf",
        "link": "http://www.webtools.at",
        "category": "advertising",
        "search": "Werbeagentur, Werbung",
        "werbering": false
    },
    {
        "name": "ZOPF Schmuck, Uhren, Optik",
        "location": "4663 Laakirchen",
        "link": "https://www.zopf-optik.at",
        "category": "healthcare",
        "search": "Schmuck, Uhren, Optik, Schmuck, Uhren, Optik",
        "werbering": false
    },
    {
        "name": "ZUMBA®Andrea",
        "location": "4655 Vorchdorf",
        "link": "",
        "category": "beauty",
        "search": "Fitness, Zumba-Kurse",
        "werbering": true
    },
    {
        "name": "Zwirn - Café Bar Osteria",
        "location": "4655 Vorchdorf",
        "link": "https://www.cafezwirn.at",
        "category": "gastro",
        "search": "Gastronomie, Café, Bar, italienische Küche",
        "werbering": true
    }
]